,composer,details_url,duration,filename_xml,genre,hasError,key,name,primary_time_signature,secondary_time_signatures,source_url,tempo,year
0,A. Adam,piece-info.cgi?id=897,72.0,../data/output/6e355a07d5531f372a2f7fb9ac084a120c34440a.xml,Classical,False,G major,Giselle - Pas de deux (1er Acte),4/4,[],,80.0, 
1,I. M. F. Albéniz,piece-info.cgi?id=898,262.0,../data/output/cf0e37cd297b4b030a506f1e1e2c637352dcc12d.xml,Romantic,False,d minor,Rumores de la Caleta,4/4,[],,60.0,1887
2,J. André,piece-info.cgi?id=207,95.76923076923076,../data/output/9235e4d8f77349089d45f475fb852ab71c954de8.xml,Classical,False,C major,Sonatine,4/4,[],,104.0,18th Century
3,Anonymous,piece-info.cgi?id=679,33.62637362637363,../data/output/6ece453ca4108e48ea6e6d0fec6996441adc09b5.xml,Popular / Dance,False,D major,La Native,4/4,[],,91.0,c1860
4,Anonymous,piece-info.cgi?id=680,41.86046511627907,../data/output/96b2c5072caf99d739a42bad844e11b6003445aa.xml,Popular / Dance,False,G major,Les Graces,4/4,[],,86.0,c1860
5,C. P. E. Bach,piece-info.cgi?id=177,450.9090909090909,../data/output/bde0c398ce976bdc4f8dabdb593ebefd695418f8.xml,Classical,False,f minor,Rondo in E-flat Major,4/4,[],,66.0,18th Century
6,J. S. Bach,piece-info.cgi?id=1013,48.0,../data/output/86957eab3117ac72af21b65702fadd3fac7668e2.xml,Baroque,False,F major,Polonaise in F major,4/4,[],,60.0, 
7,J. S. Bach,piece-info.cgi?id=378,52.5,../data/output/c7431346d0708b2ee02c2830dc6ecfacb873be6c.xml,Baroque,False,G major,Aus meines Herzens Grunde (Chorale 1),4/4,[],,72.0,1784-1787
8,J. S. Bach,piece-info.cgi?id=379,43.333333333333336,../data/output/95dc5788932d8b4dab93922879a228543069e2b6.xml,Baroque,False,A major,"Ich dank dir, lieber Herre",4/4,[],,72.0,1784-1787
9,J. S. Bach,piece-info.cgi?id=2106,59.14285714285714,../data/output/7195df96d3fa2bcdb441a018188ff6916992e51e.xml,Baroque,False,F major,"Ermuntre dich, mein schwacher Geist",4/4,[],,70.0,1736
10,J. S. Bach,piece-info.cgi?id=2009,54.857142857142854,../data/output/c6541f31073a5c212aa377571a922ac49ad1f1ec.xml,Baroque,False,B- major,"Gott, wie gross ist deine Güte",4/4,[],,70.0,1736
11,J. S. Bach,piece-info.cgi?id=1006,23.0,../data/output/d648c9718c350ee9a9b298fb62194760e14d33f4.xml,Baroque,False,F major,"Chorale setting ""Gib dich zufrieden und sei stille"" in F major",4/4,[],,240.0, 
12,J. Ascher,piece-info.cgi?id=449,368.9946428571429,../data/output/67ca3f25108105952d7a4d21ec4556acc62bb7c4.xml,Song,True,C# major,"Alice, Where Art Thou?",4/4,[],,60.0,1890s?
13,J. S. Bach,piece-info.cgi?id=1009,44.0,../data/output/0392d3dec2c4ee41ae00e70bcbd5d14977846595.xml,Baroque,False,g minor,"Chorale setting ""Gib dich zufrieden und sei stille"" in D minor",4/4,[],,60.0, 
14,J. S. Bach,piece-info.cgi?id=1622,64.0,../data/output/4bb32ec6d8238495bd4e68f8f0fd0632fa86dd7e.xml,Baroque,False,f minor,Aria “Warum betrübst du dich”,4/4,[],,60.0, 
15,J. S. Bach,piece-info.cgi?id=78,27.428571428571427,../data/output/3c189b2a42a44e324865650dced912b83991550f.xml,Baroque,False,d minor,Aria,4/4,[],,105.0, 
16,J. S. Bach,piece-info.cgi?id=1010,44.0,../data/output/b9bfe0722983ba29d950b30f8190c3c01267e6f3.xml,Baroque,False,e minor,"Chorale setting ""Gib dich zufrieden und sei stille"" in E minor",4/4,[],,60.0, 
17,J. S. Bach,piece-info.cgi?id=40,66.0,../data/output/3b0f375e5a7e2c34b790a469fcf13abecc4f4b77.xml,Baroque,False,C major,Invention 1,4/4,[],,80.0, 
18,J. S. Bach,piece-info.cgi?id=58,101.25,../data/output/5c0ece9743c199a0ee735a651b2a3b0bad863404.xml,Baroque,False,c minor,Invention 2,4/4,[],,64.0, 
19,J. S. Bach,piece-info.cgi?id=70,67.5,../data/output/6a32fe1b96da5612561f05c3b98f121e29e19fc0.xml,Baroque,False,D major,Invention 3,4/4,[],,80.0, 
20,J. S. Bach,piece-info.cgi?id=67,52.0,../data/output/97717acafe3e7ddb4a085432636f807bc7597581.xml,Baroque,False,d minor,Invention 4,4/4,[],,90.0, 
21,J. S. Bach,piece-info.cgi?id=55,73.14285714285714,../data/output/03e0f5ed4d6ecbfb5816399a5d791555ac97231d.xml,Baroque,False,E- major,Invention 5,4/4,[],,105.0, 
22,J. S. Bach,piece-info.cgi?id=159,139.5,../data/output/f168ac7d02608c3b532d9455d2c90a22377f35ed.xml,Baroque,False,E major,Invention 6,4/4,[],,40.0, 
23,J. S. Bach,piece-info.cgi?id=73,61.33333333333333,../data/output/434ee817d627daf6a00bab7819406a84f2e3a6b6.xml,Baroque,False,e minor,Invention 7,4/4,[],,90.0, 
24,J. S. Bach,piece-info.cgi?id=61,68.0,../data/output/3dc72d5abdea704c8dcb4a9c30aa23a1be2a2c10.xml,Baroque,False,F major,Invention 8,4/4,[],,90.0, 
25,J. S. Bach,piece-info.cgi?id=62,50.23255813953489,../data/output/1fd984ba1883e9902abdd8eb50e33b337d57b7d4.xml,Baroque,False,G major,Invention 10,4/4,[],,172.0, 
26,J. S. Bach,piece-info.cgi?id=171,65.1063829787234,../data/output/99c0849943814f1dfb32f9c40b8554d77244120e.xml,Baroque,False,f minor,Invention 9,4/4,[],,94.0, 
27,J. S. Bach,piece-info.cgi?id=59,60.0,../data/output/f8513ddbb9f5a3edaf8bd2b959bff2219af7d40b.xml,Baroque,False,a minor,Invention 13,4/4,[],,100.0, 
28,J. S. Bach,piece-info.cgi?id=174,70.0,../data/output/415863525db4ed01023c78a27560bdd06a8c92c1.xml,Baroque,False,A major,Invention 12,4/4,[],,108.0, 
29,J. S. Bach,piece-info.cgi?id=71,64.94117647058825,../data/output/9b0ba3305530b452cf86c6f43b0f57608c6db814.xml,Baroque,False,g minor,Invention 11,4/4,[],,85.0, 
30,J. S. Bach,piece-info.cgi?id=68,50.285714285714285,../data/output/501c81b049ffcca27b75ec9003fdda006903bd29.xml,Baroque,False,b minor,Invention 15,4/4,[],,105.0, 
31,J. S. Bach,piece-info.cgi?id=72,73.84615384615385,../data/output/12fb0382be1c9c1a72ff3858ffc80078bbef8037.xml,Baroque,False,B- major,Invention 14,4/4,[],,65.0, 
32,J. S. Bach,piece-info.cgi?id=142,72.0,../data/output/845d0243dffe1c44c9d966faf76c27cb1ed613fa.xml,Baroque,False,C major,Sinfonia 1,4/4,[],,70.0, 
33,J. S. Bach,piece-info.cgi?id=140,96.0,../data/output/36aa8b7e5167ea3bac97e1fb90e888bc5cee102e.xml,Baroque,False,c minor,Sinfonia 2,4/4,[],,120.0, 
34,J. S. Bach,piece-info.cgi?id=172,92.0,../data/output/5e0e2995199be953a4d407be7e06568a933b5da9.xml,Baroque,False,d minor,Sinfonia 4,4/4,[],,60.0, 
35,J. S. Bach,piece-info.cgi?id=143,85.71428571428571,../data/output/fa819cc60566e865562ffaecf97912f1162653af.xml,Baroque,False,D major,Sinfonia 3,4/4,[],,70.0, 
36,J. S. Bach,piece-info.cgi?id=204,124.36363636363636,../data/output/bc1f07411c245add3d82feb091830542a329e118.xml,Baroque,False,f minor,Sinfonia 5,4/4,[],,55.0, 
37,J. S. Bach,piece-info.cgi?id=175,99.0,../data/output/dc5bcaffbaac9f18ab4094827c27657f64e78cba.xml,Baroque,False,e minor,Sinfonia 7,4/4,[],,80.0, 
38,J. S. Bach,piece-info.cgi?id=176,69.0,../data/output/22f2ea44a68816529b7f5f7ea4806d278ae65fef.xml,Baroque,False,d minor,Sinfonia 8,4/4,[],,80.0, 
39,J. S. Bach,piece-info.cgi?id=173,85.15384615384616,../data/output/546e77e420bfce1425c0309e3d327c517cd58434.xml,Baroque,False,c# minor,Sinfonia 6,4/4,[],,130.0, 
40,J. S. Bach,piece-info.cgi?id=205,84.85714285714285,../data/output/269f8cb20046867df551b686a015c98269325f0e.xml,Baroque,False,G major,Sinfonia 10,4/4,[],,70.0, 
41,J. S. Bach,piece-info.cgi?id=199,120.0,../data/output/537688d173f52c3a7fd3371a57cdec22d5661285.xml,Baroque,False,f minor,Sinfonia 9,4/4,[],,70.0, 
42,J. S. Bach,piece-info.cgi?id=200,108.0,../data/output/c166fd0ba51d6c853e8ede37fe862ade7b9c417a.xml,Baroque,False,g minor,Sinfonia 11,4/4,[],,60.0, 
43,J. S. Bach,piece-info.cgi?id=144,93.0,../data/output/438744898d9dd26245be2b2ec74d9d421becbf6d.xml,Baroque,False,f# minor,Sinfonia 12,4/4,[],,80.0, 
44,J. S. Bach,piece-info.cgi?id=145,87.75,../data/output/97e9dac5bcf9be6130f05db26622fe9f0c3ca567.xml,Baroque,False,b minor,Sinfonia 15,4/4,[],,60.0, 
45,J. S. Bach,piece-info.cgi?id=206,104.72727272727272,../data/output/557374077e70634b194fefe889868427c56a466f.xml,Baroque,False,a minor,Sinfonia 13,4/4,[],,55.0, 
46,J. S. Bach,piece-info.cgi?id=213,72.0,../data/output/e12a7e45bc28a3766d884829bbe73ef8c6543870.xml,Baroque,False,B- major,Sinfonia 14,4/4,[],,80.0, 
47,J. S. Bach,piece-info.cgi?id=86,46.95652173913044,../data/output/0ca4d501eb53acf79faff0a3890774b579c47613.xml,Baroque,False,a minor,English Suite I: Bourree II,4/4,[],,184.0, 
48,J. S. Bach,piece-info.cgi?id=85,65.21739130434783,../data/output/08c795dd66dc0b2c89fccdb9be513f8e65d9ff51.xml,Baroque,False,A major,English Suite I: Bourree I,4/4,[],,184.0, 
49,J. S. Bach,piece-info.cgi?id=82,74.34782608695652,../data/output/8c9530c40476c79017a99ce869af39df2c8b228e.xml,Baroque,False,a minor,English Suite II: Bourree I,4/4,[],,184.0, 
50,J. S. Bach,piece-info.cgi?id=83,31.304347826086957,../data/output/34399252bc8910ddcb0cb3248d34361d1bb2bdbd.xml,Baroque,False,A major,English Suite II: Bourree II,4/4,[],,184.0, 
51,J. S. Bach,piece-info.cgi?id=84,49.26315789473684,../data/output/ae2a956a254d53d83ca99231229989b6a0b41836.xml,Baroque,False,a minor,English Suite II: Gigue,4/4,[],,285.0, 
52,J. S. Bach,piece-info.cgi?id=100,,../data/output/a6f17d57b60dd50110656ed401c5ca07fd4eb173.xml,Baroque,True,,French Suite no. 3 in B minor,,,,,1722
53,J. S. Bach,piece-info.cgi?id=474,,../data/output/a1c5a30b4cd2846ede7a585e5ec236183336d64b.xml,Baroque,True,,Six Partitas (Clavierubung part I): No. 1,,,,,1731
54,J. S. Bach,piece-info.cgi?id=99,,../data/output/4400967b1f564ef7cc8e373320a1e075007be0a1.xml,Baroque,True,,French Suite no. 5 in G major,,,,,1722
55,J. S. Bach,piece-info.cgi?id=1935,,../data/output/9bfa9e8d88a6ee109e3bc7b3adfb8839827aba21.xml,Baroque,True,,French Suite no. 6 in E major,,,,,1722
56,J. S. Bach,piece-info.cgi?id=602,,../data/output/67a0c2e35f1a07fa03e5ab3e378cbe7106fa63e0.xml,Baroque,True,,Six Partitas (Clavierubung part I): No. 2,,,,,1731
57,J. S. Bach,piece-info.cgi?id=421,,../data/output/12065e585d1e8dbc790baf6dee9da9314b6d58c3.xml,Baroque,True,,Six Partitas (Clavierubung part I): No. 5,,,,,1731
58,J. S. Bach,piece-info.cgi?id=1080,,../data/output/2c0c0ef3284e211834eb92ceef722e90d9bc88ab.xml,Baroque,True,,Keyboard partita in A minor,,,,, 
59,J. S. Bach,piece-info.cgi?id=4,98.18181818181817,../data/output/e5847a0dfb64a7a9cd91be572d169241e9112e15.xml,Baroque,False,C major,"Das Wohltemperierte Clavier I, Fuga I",4/4,[],,66.0, 
60,J. S. Bach,piece-info.cgi?id=1497,,../data/output/0f59a48d830e2ed1f9200361da148e1e3455c1e5.xml,Baroque,True,,Keyboard partita in E minor,,,,, 
61,J. S. Bach,piece-info.cgi?id=5,140.0,../data/output/98a3d07ec08611172e2b3eaddb1836699c530e5f.xml,Baroque,False,C major,"Das Wohltemperierte Clavier I, Praeludium I",4/4,[],,60.0, 
62,J. S. Bach,piece-info.cgi?id=550,79.0,../data/output/0bd9dd5dec42c1e862e34745e85e3b69eeb36172.xml,Baroque,False,c minor,"Das Wohltemperierte Clavier I, Praeludium II",4/4,[],,120.0, 
63,J. S. Bach,piece-info.cgi?id=561,65.0,../data/output/2b822a1d0375e69125a69e349ad12545b00d6ee9.xml,Baroque,False,C# major,"Das Wohltemperierte Clavier I, Praeludium III",4/4,[],,144.0, 
64,J. S. Bach,piece-info.cgi?id=569,137.5,../data/output/6445896d0e2f25a53b678541c9564ee251e4a511.xml,Baroque,False,C# major,"Das Wohltemperierte Clavier I, Fuga III",4/4,[],,96.0, 
65,J. S. Bach,piece-info.cgi?id=1941,97.89473684210526,../data/output/390a9637976cb0f1bdb740abce167d692ae3becd.xml,Baroque,False,c minor,"Das Wohltemperierte Clavier I, Fuga II",4/4,[],,76.0, 
66,J. S. Bach,piece-info.cgi?id=562,130.0,../data/output/2b8933b7ad12a7f4185fcc49d055baff2dc209d7.xml,Baroque,False,c# minor,"Das Wohltemperierte Clavier I, Praeludium IV",4/4,[],,108.0, 
67,J. S. Bach,piece-info.cgi?id=1496,140.0,../data/output/aa08839aa14842315923c369fe53f200872d02da.xml,Baroque,False,D major,"Das Wohltemperierte Clavier I, Praeludium V",4/4,[],,60.0, 
68,J. S. Bach,piece-info.cgi?id=596,246.42857142857142,../data/output/6c058ff7be9426caeb24ec42c6d44002d37a94e0.xml,Baroque,False,c# minor,"Das Wohltemperierte Clavier I, Fuga IV",4/4,[],,112.0, 
69,J. S. Bach,piece-info.cgi?id=988,96.58536585365853,../data/output/2cd772536230747ab1b719f37a63760a02b187a9.xml,Classical,False,d minor,"Das Wohltemperierte Clavier I, Fuga VI",4/4,[],,82.0,18th Century
70,J. S. Bach,piece-info.cgi?id=538,94.54545454545455,../data/output/a9c428d66b21653a35c6b49eade224872503b833.xml,Baroque,False,d minor,"Das Wohltemperierte Clavier I, Praeludium VI",4/4,[],,66.0,18th C.
71,J. S. Bach,piece-info.cgi?id=563,180.0,../data/output/f1c00d17a52b65b7a253ed72a64f7e1fb237129d.xml,Baroque,False,e- minor,"Das Wohltemperierte Clavier I, Praeludium VIII",4/4,[],,80.0, 
72,J. S. Bach,piece-info.cgi?id=597,282.1621621621622,../data/output/717fe0bffd4f03ff5985bf83ae7d5dedc455f36f.xml,Baroque,False,e- minor,"Das Wohltemperierte Clavier I, Fuga VIII",4/4,[],,74.0, 
73,J. S. Bach,piece-info.cgi?id=546,63.0,../data/output/cc0a7019e7588c72e66465339a99d4e07ed75e74.xml,Baroque,False,e minor,"Das Wohltemperierte Clavier I, Fuga X",4/4,[],,120.0,18th C.
74,J. S. Bach,piece-info.cgi?id=1791,86.39999999999999,../data/output/e0bb0a5d1bb402f11cab8e051948375742e5c977.xml,Baroque,False,E major,Praeludium IX,4/4,[],,100.0,around 1722
75,J. S. Bach,piece-info.cgi?id=545,118.0,../data/output/607cb4b05e7fbc5e82405e35f11202e9667a329d.xml,Baroque,False,e minor,"Das Wohltemperierte Clavier I, Praeludium X",4/4,[],,66.0,18th C.
76,J. S. Bach,piece-info.cgi?id=963,62.3076923076923,../data/output/c0cc225a0ec261222094d682add00498cc3227c9.xml,Classical,False,d minor,"Das Wohltemperierte Clavier I, Praeludium XI",4/4,[],,104.0,18th Century
77,J. S. Bach,piece-info.cgi?id=964,70.43478260869566,../data/output/ef97cf85e7a600db7e8df78f3b6d0db6c6e84635.xml,Classical,False,F major,"Das Wohltemperierte Clavier I, Fuga XI",4/4,[],,92.0,18th Century
78,J. S. Bach,piece-info.cgi?id=605,227.6470588235294,../data/output/ee13e141a2da481230ebeba8939c22a34ec2c4d7.xml,Baroque,False,G major,"Das Wohltemperierte Clavier I, Fuga XV",4/4,[],,68.0,18th C.
79,J. S. Bach,piece-info.cgi?id=604,69.0909090909091,../data/output/2b22b8d1c54f488761fa0e296e1fd1caf11f92eb.xml,Baroque,False,G major,"Das Wohltemperierte Clavier I, Praeludium XV",4/4,[],,66.0,18th C.
80,J. S. Bach,piece-info.cgi?id=805,120.0,../data/output/dab381ef2361fa958d8af064d91c815390c3c7db.xml,Classical,False,g minor,"Das Wohltemperierte Clavier I, Fuga XVI",4/4,[],,68.0,18th Century
81,J. S. Bach,piece-info.cgi?id=806,168.88888888888889,../data/output/766be62d11ba7d1e5c8513d5109a45bc28185fef.xml,Classical,False,g minor,"Das Wohltemperierte Clavier I, Praeludium XVI",4/4,[],,27.0,18th Century
82,J. S. Bach,piece-info.cgi?id=1375,140.0,../data/output/159015229f79d2698080484edff1f9746243c9ed.xml,Baroque,False,A- major,"Das Wohltemperierte Clavier I, Fuga XVII",4/4,[],,60.0, 
83,J. S. Bach,piece-info.cgi?id=670,71.32075471698113,../data/output/bb22a0d5c04ea12b51ce8822b04118935cead18c.xml,Classical,False,a minor,"Das Wohltemperierte Clavier I, Praeludium XX",4/4,[],,106.0,18th Century
84,J. S. Bach,piece-info.cgi?id=1045,73.33333333333334,../data/output/83af118da3412ecf1cfd029a3a2c5e443742aada.xml,Baroque,False,A- major,"Das Wohltemperierte Clavier I, Praeludium XVII",4/4,[],,108.0, 
85,J. S. Bach,piece-info.cgi?id=1563,304.0,../data/output/a98cf5a7fcf624eaff305a9725c4934593cb4f92.xml,Baroque,False,b minor,"Das Wohltemperierte Clavier I, Fuga XXIV",4/4,[],,60.0, 
86,J. S. Bach,piece-info.cgi?id=2049,125.33333333333333,../data/output/2a913f37aa16dbe448a4eec34463d4d584b96cc8.xml,Baroque,False,b minor,"Das Wohltemperierte Clavier I, Praeludium 24",4/4,[],,90.0, 
87,J. S. Bach,piece-info.cgi?id=209,166.0,../data/output/2ca5e3af95d2625f58935f1d727c2d306c9aa25e.xml,Baroque,False,C major,"Das Wohltemperierte Clavier II, Fuga I",4/4,[],,60.0, 
88,J. S. Bach,piece-info.cgi?id=9,115.86206896551725,../data/output/7e44849d3645ab335e3c5870cfe835c569b3d52b.xml,Baroque,False,c minor,"Das Wohltemperierte Clavier II, Fuga II",4/4,[],,58.0, 
89,J. S. Bach,piece-info.cgi?id=316,56.0,../data/output/3ad5c6d30f6e94a0863a7382f3895cf1419819f9.xml,Baroque,False,c minor,"Das Wohltemperierte Clavier II, Praeludium II",4/4,[],,120.0, 
90,J. S. Bach,piece-info.cgi?id=807,274.7368421052632,../data/output/f6e11f1a03f7f436265dfc47fc1deb7c059694ff.xml,Classical,False,a minor,"Das Wohltemperierte Clavier I, Fuga XX",4/4,[],,76.0,18th Century
91,J. S. Bach,piece-info.cgi?id=974,91.5,../data/output/222ea2855b9ac04428fe6d49a0fc921f76a59bb9.xml,Baroque,False,d minor,"Das Wohltemperierte Clavier II, Praeludium VI",4/4,[],,120.0, 
92,J. S. Bach,piece-info.cgi?id=1328,172.0,../data/output/2d4bef4bd9d19715a3671c652304d2fdf1fd797c.xml,Baroque,False,E major,"Das Wohltemperierte Clavier II, Fuga IX",4/4,[],,120.0, 
93,J. S. Bach,piece-info.cgi?id=492,113.33333333333334,../data/output/4765a1baf3d7d08c1765ad952af8bb2c44b14e4b.xml,Baroque,False,a minor,Preludio con Fuga,4/4,[],,72.0, 
94,J. S. Bach,piece-info.cgi?id=1028,46.66666666666667,../data/output/1d66ae1a12de1fd80bc54b2028e0bfc1045974cc.xml,Baroque,False,C major,Prelude,4/4,[],,72.0, 
95,J. S. Bach,piece-info.cgi?id=69,61.71428571428571,../data/output/725e720a2cbfef5a2f793fd5c56b9cf5c23a7176.xml,Baroque,False,d minor,Praeludium 2,4/4,[],,140.0,1720
96,J. S. Bach,piece-info.cgi?id=63,67.76470588235294,../data/output/89fc48c7a1d818c3c0babe5535203eb0bfe4cf7a.xml,Baroque,False,F major,Praeludium 10,4/4,[],,85.0, 
97,J. S. Bach,piece-info.cgi?id=493,83.47826086956522,../data/output/9807f4fd803fe153ee156f1676a588bcaf24430b.xml,Baroque,False,d minor,Petite Prélude No. 9,4/4,[],,69.0, 
98,J. S. Bach,piece-info.cgi?id=1826,,../data/output/f6fd3b393b4904b26f00ea9805edb5859373b60b.xml,Baroque,True,,Italian Concerto,,,,, 
99,J. S. Bach,piece-info.cgi?id=254,136.0,../data/output/2422dc76764a3a2ba06805cf19656372c78140a9.xml,Baroque,False,C major,Fugue in C major,4/4,[],,60.0, 
100,J. S. Bach,piece-info.cgi?id=1389,116.36363636363636,../data/output/883517c7135bdf82a46fec014d829cfcf5c8cb85.xml,Baroque,False,g minor,Goldberg Variations - 15,4/4,[],,33.0,1741
101,J. S. Bach,piece-info.cgi?id=66,22.58823529411765,../data/output/9f39ac9703dcbe9da55994e99e28c36257e4fdea.xml,Baroque,False,G major,Applicatio,4/4,[],,85.0, 
102,J. S. Bach,piece-info.cgi?id=1476,417.0,../data/output/549b44512d1b40fce0919063698d7dcae8f126fd.xml,Baroque,False,E major,BWV 1006a - Prélude,4/4,[],,60.0, 
103,J. S. Bach,piece-info.cgi?id=1477,150.0,../data/output/56f530ffdb5db54f7cc94aa9c178719ab9965a65.xml,Baroque,False,E major,BWV 1006a - Loure,4/4,[],,60.0, 
104,J. S. Bach,piece-info.cgi?id=1480,400.0,../data/output/99947bf67f511297e8ee88c8c002b42a2dde651e.xml,Baroque,False,E major,BWV 1006a - Gavotte en Rondeau,4/4,[],,60.0, 
105,J. S. Bach,piece-info.cgi?id=1481,102.0,../data/output/082c1b94cbef94900c138c983a81e656974f4269.xml,Baroque,False,E major,BWV 1006a - Menuet I,4/4,[],,60.0, 
106,J. S. Bach,piece-info.cgi?id=1482,96.0,../data/output/a41e7ca1005544ebfd3d4a2f3540ec78d297e050.xml,Baroque,False,E major,BWV 1006a - Menuet II,4/4,[],,60.0, 
107,J. S. Bach,piece-info.cgi?id=1484,99.0,../data/output/5128797e3c3184a53345437692a0a123f83a42f6.xml,Baroque,False,E major,BWV 1006a - Gigue,4/4,[],,60.0, 
108,J. S. Bach,piece-info.cgi?id=1483,148.0,../data/output/0339e8fc2d9b240ebdea3027f4e08342d4826342.xml,Baroque,False,E major,BWV 1006a - Bourrée,4/4,[],,60.0, 
109,J. S. Bach,piece-info.cgi?id=693,156.0,../data/output/bf005adcf1b0ec36b8f04c9be9dc298344ae55fe.xml,Baroque,False,d minor,"Die Kunst der Fuge, Contrapunctus I",4/4,[],,120.0,?-1750
110,J. S. Bach,piece-info.cgi?id=74,48.0,../data/output/648d4f60a330a61ca0a23456e305dce9037aac5c.xml,Baroque,False,F major,Menuet,4/4,[],,120.0, 
111,J. S. Bach,piece-info.cgi?id=749,268.3636363636363,../data/output/02b49bc1775828b5bc45e3a07d6cabd589aa9dd8.xml,Baroque,False,d minor,"Die Kunst der Fuge, Contrapunctus XIV - Canon alla Decima",4/4,[],,110.0,?-1750
112,J. S. Bach,piece-info.cgi?id=752,,../data/output/27ebce462f5c51dfb58627ddd3452cb526ed1307.xml,Baroque,True,,"Die Kunst der Fuge, Contrapunctus XVII - Fuga a 2 Clav. (rectus, inversus)",,,,,?-1750
113,J. S. Bach,piece-info.cgi?id=690,370.0,../data/output/646015b41844cc937aeac5053cdc2579f3ba86d2.xml,Baroque,False,c minor,"Musicalisches Opfer, Ricercare",4/4,[],,120.0,1747
114,J. S. Bach,piece-info.cgi?id=702,412.0,../data/output/827a84a00773573097111d5691925fa0c06bc32a.xml,Baroque,False,c minor,"Musikalisches Opfer, Ricercare a 6",4/4,[],,120.0,1747
115,J. S. Bach,piece-info.cgi?id=746,268.5,../data/output/aa8d116e8dd52a53774c668179aed393dcf4ef7b.xml,Baroque,False,d minor,"Die Kunst der Fuge, Contrapunctus XII - Canon alla Ottava",4/4,[],,90.0,?-1750
116,J. S. Bach,piece-info.cgi?id=748,232.0,../data/output/4252a0b282e122bfef1c3c3add9b1b7ff1c6cb70.xml,Baroque,False,d minor,"Die Kunst der Fuge, Contrapunctus XIII - Canon alla Duodecima",4/4,[],,150.0,?-1750
117,J. S. Bach,piece-info.cgi?id=75,41.14285714285714,../data/output/148a67888e5b92d4995c6cbb5e07e3ce5199145d.xml,Baroque,False,G major,Menuet,4/4,[],,140.0,1725
118,J. S. Bach,piece-info.cgi?id=76,41.14285714285714,../data/output/8012779c3bc47116e627adb9a6700bf4edc58761.xml,Baroque,False,g minor,Menuet,4/4,[],,140.0, 
119,J. S. Bach,piece-info.cgi?id=77,57.599999999999994,../data/output/b9b05eda31f192ce5772c9cf3e0c4a447812fc56.xml,Baroque,False,G major,Menuet,4/4,[],,125.0, 
120,J. S. Bach,piece-info.cgi?id=1015,48.0,../data/output/c1f0ab0a47eef56f537336dc0bd32e0ebd2a33ff.xml,Baroque,False,F major,Polonaise in F major,4/4,[],,60.0, 
121,J. S. Bach,piece-info.cgi?id=1016,48.0,../data/output/6487e85756942a6b40c44380793bf63d4f6b6f23.xml,Baroque,False,g minor,Polonaise in G minor,4/4,[],,60.0, 
122,J. S. Bach,piece-info.cgi?id=1014,78.0,../data/output/96715cd9a7a791505f69ad52aa463bed257a348d.xml,Baroque,False,B- major,Minuet in B-flat major,4/4,[],,60.0, 
123,J. S. Bach,piece-info.cgi?id=1612,65.25,../data/output/17825cf50f23c2c9b60bcf5de6d3f9cf8658dde0.xml,Baroque,False,a minor,Minuet in A minor,4/4,[],,80.0, 
124,J. S. Bach,piece-info.cgi?id=1613,40.0,../data/output/5964ba7b7797d6fcf3f58db2f08da861c553d309.xml,Baroque,False,c minor,Minuet in C minor,4/4,[],,108.0, 
125,J. S. Bach,piece-info.cgi?id=79,20.0,../data/output/c1e571558a8c04d441388ed196e5dad52d2054bf.xml,Baroque,False,D major,Musette,4/4,[],,120.0, 
126,J. S. Bach,piece-info.cgi?id=1614,72.5,../data/output/86c382b986df64945683a5c0e870ba8aee07c878.xml,Baroque,False,E- major,March in E-flat major,4/4,[],,96.0, 
127,J. S. Bach,piece-info.cgi?id=1615,45.0,../data/output/5b966419a562a1fe34a89c071574dd59a7e767de.xml,Baroque,False,d minor,Polonaise in D minor,4/4,[],,72.0, 
128,J. S. Bach,piece-info.cgi?id=767,30.0,../data/output/9091c9cddeed916186dc43d67b5fc5fb459f3a95.xml,Baroque,False,F major,Air,4/4,[],,128.0, 
129,J. S. Bach,piece-info.cgi?id=1616,36.0,../data/output/b41820ada01191ca8d2727bb93b00900ba8d435c.xml,Baroque,False,a minor,Chorale prelude “Wer nur den lieben Gott läßt walten”,4/4,[],,60.0, 
130,L. V. Beethoven,piece-info.cgi?id=2070,238.69565217391306,../data/output/f9ea544c5ed593f53d10aeaee48a3d0ee2f3c98b.xml,Classical,False,F major,Sonata No. 1 (2nd Movement: Adagio),4/4,[],,46.0,1794/95
131,L. V. Beethoven,piece-info.cgi?id=1276,78.21428571428572,../data/output/b13f9f1de799aa7a0ddc3c5fcaf1679e53151c44.xml,Classical,False,f minor,Sonata No. 1 (3rd Movement: Allegretto),4/4,[],,168.0,1794/95
132,J. S. Bach,piece-info.cgi?id=750,261.59999999999997,../data/output/f72ef9c317ccdc13c6312f51dc76afcb285d48cb.xml,Baroque,False,d minor,"Die Kunst der Fuge, Contrapunctus XV - Canon per Augmentationem in Contrario Motu",4/4,[],,100.0,?-1750
133,L. V. Beethoven,piece-info.cgi?id=1277,264.0,../data/output/d79b63756bc44643f3376f95ef6ef2d361b8bd89.xml,Classical,False,f minor,Sonata No. 1 (4th Movement: Prestissimo),4/4,[],,180.0,1794/95
134,L. V. Beethoven,piece-info.cgi?id=1211,192.0,../data/output/17cbc3a5bf3b16835502dbbce32d00a2388f5f61.xml,Classical,False,f minor,Sonata No. 1 (1st Movement: Allegro),4/4,[],,190.0,1794/95
135,L. V. Beethoven,piece-info.cgi?id=778,310.609756097561,../data/output/024804b44faa3215d694d47896f7e3d2c2ec5e8e.xml,Classical,False,c minor,Sonata No. 5 (1st Movement: Allegro molto e con brio),4/4,[],,164.0,late 18th Century
136,L. V. Beethoven,piece-info.cgi?id=992,255.0,../data/output/f36f4627e255f11beb8cd58d6333337a2061f068.xml,Classical,False,F major,Sonata No. 6 (1st Movement: Allegro),4/4,[],,96.0,1796-1798
137,L. V. Beethoven,piece-info.cgi?id=779,177.83132530120483,../data/output/ea1817dfeb18a6ebaf94b4c1f5c809400e439639.xml,Classical,False,c minor,Sonata No. 5 (3rd Movement: Prestissimo),4/4,[],,166.0,late 18th Century
138,L. V. Beethoven,piece-info.cgi?id=993,170.8988764044944,../data/output/a56597677101a0d35f8dee3436660a4b86364321.xml,Classical,False,f minor,Sonata No. 6 (2nd Movement: Allegretto),4/4,[],,178.0,1796-1798
139,L. V. Beethoven,piece-info.cgi?id=295,243.33333333333334,../data/output/4f2c2adc990214ffdfdbaceb00273816f4cea93d.xml,Classical,False,A- major,Sonata No. 8 “Pathétique” (2nd Movement: Adagio cantabile),4/4,[],,36.0, 
140,L. V. Beethoven,piece-info.cgi?id=994,120.81081081081082,../data/output/ca4581e4afbb5c7ae1bb8955244e226487e37ac4.xml,Classical,False,F major,Sonata No. 6 (3rd Movement: Presto),4/4,[],,148.0,1796-1798
141,L. V. Beethoven,piece-info.cgi?id=296,233.33333333333334,../data/output/a25d53663520a0e415d1bdbac4df9d5e7f27a8d2.xml,Classical,False,c minor,Sonata No. 8 “Pathétique” (3rd Movement: Rondo),4/4,[],,216.0, 
142,L. V. Beethoven,piece-info.cgi?id=276,,../data/output/406cb28ed804a3ed522988a604b605bae5b6350f.xml,Classical,True,,Sonata No. 14 “Moonlight”,,,,,1802
143,L. V. Beethoven,piece-info.cgi?id=299,375.711213699495,../data/output/38c52c886b8a0a3719012a9c3d0090198f22aa6c.xml,Classical,False,c minor,"Sonata No. 8 “Pathétique” (1st Movement: Grave, Allegro molto e con brio)",4/4,[],,33.0,1800s
144,L. V. Beethoven,piece-info.cgi?id=1509,373.3125,../data/output/29b32198f55866914104e3f1231694868fe6dec5.xml,Classical,False,d minor,Sonata No. 17 (1st Movement: Largo - Allegro),4/4,[],,40.0,1802
145,L. V. Beethoven,piece-info.cgi?id=1510,472.5,../data/output/4f27f2270f1e9f1e1d22675d627501decf42794b.xml,Classical,False,B- major,Sonata No. 17 (2nd Movement: Adagio),4/4,[],,40.0,1802
146,L. V. Beethoven,piece-info.cgi?id=912,134.69387755102042,../data/output/099d7478809a5b733e66b2a53704074d37c36442.xml,Classical,False,g minor,Sonata No. 19 (1st Movement: Andante),4/4,[],,98.0,1796-1798
147,L. V. Beethoven,piece-info.cgi?id=777,161.19402985074626,../data/output/8ca52237e9ac873138a9e58389a24264733dfa00.xml,Classical,False,G major,Sonata No. 20 (2nd Movement: Tempo di Menuetto),4/4,[],,134.0,19th Century
148,L. V. Beethoven,piece-info.cgi?id=776,206.19718309859155,../data/output/53e5888ea0c804e20d3cd69683e619b250e0108e.xml,Classical,False,G major,"Sonata No. 20 (1st Movement: Allegro, ma non troppo)",4/4,[],,142.0,19th Century
149,L. V. Beethoven,piece-info.cgi?id=913,238.06451612903226,../data/output/9a8f1293daa850ba9c369db386bf054fc8e1f559.xml,Classical,False,G major,Sonata No. 19 (2nd Movement: Rondo-Allegro),4/4,[],,124.0,1796-1798
150,L. V. Beethoven,piece-info.cgi?id=288,204.0,../data/output/bea515871761a05b8ae1b1c2eaba240bddc0157c.xml,Classical,False,C# major,Sonata No. 23 “Appassionata” (2nd Movement: Andante con moto),4/4,[],,60.0, 
151,L. V. Beethoven,piece-info.cgi?id=937,496.8685373507217,../data/output/94cd619218ed6177cf0674e1e469d59ce99ed1fa.xml,Classical,False,f minor,"Sonata No. 23 “Appassionata” (3rd Movement: Allegro, ma non troppo - Presto)",4/4,[],,134.0,1804-1805
152,L. V. Beethoven,piece-info.cgi?id=956,127.5,../data/output/b202d963369754f94531a3008cfb38b98cf8afbe.xml,Classical,False,g minor,Sonata No. 25 (2nd Movement: Andante),4/4,[],,72.0,1809
153,L. V. Beethoven,piece-info.cgi?id=1161,173.4375,../data/output/66102db074a50e13d47e9886c9100545327670d2.xml,Classical,False,F# major,Sonata No. 24 (2nd Movement: Allegro vivace),4/4,[],,128.0,1809
154,L. V. Beethoven,piece-info.cgi?id=934,309.5454545454545,../data/output/4067efce565662031b72ba244e6981fdf408422b.xml,Classical,False,D major,Six Variations,4/4,[],,88.0,1809
155,L. V. Beethoven,piece-info.cgi?id=1137,199.13636363636363,../data/output/a75ab5a60a1295e2549aae509004d43216d17bad.xml,Classical,False,F# major,Sonata No. 24 (1st Movement: Adagio cantabile),4/4,[],,40.0,1809
156,L. V. Beethoven,piece-info.cgi?id=955,149.51612903225808,../data/output/50832019fe35a95bbcd4bad76b0b56f9d409d071.xml,Classical,False,G major,Sonata No. 25 (1st Movement: Presto alla tedesca),4/4,[],,248.0,1809
157,L. V. Beethoven,piece-info.cgi?id=957,102.6086956521739,../data/output/2aadefeb7e17a6816dc7c6ba4c7f56ec4a02d1a2.xml,Classical,False,G major,Sonata No. 25 (3rd Movement: Vivace),4/4,[],,138.0,1809
158,L. V. Beethoven,piece-info.cgi?id=497,280.55555555555554,../data/output/a5a43652bb3b1fa567e325f9e85471fad3820052.xml,Classical,False,c minor,"Symphony no. 5, Piano reduction",4/4,[],,216.0,1809
159,L. V. Beethoven,piece-info.cgi?id=906,282.69230769230774,../data/output/81c22cf9115069eba330b0e365b4bcab2930cdd4.xml,Classical,False,e minor,Sonata No. 27 (1st Movement: Mit Lebhaftigkeit),4/4,[],,156.0,1814
160,L. V. Beethoven,piece-info.cgi?id=909,483.33333333333337,../data/output/e231186e58f54add1642a125b4a659ab5536644b.xml,Classical,False,E major,Sonata No. 27 (2nd Movement: Nicht zu geschwind),4/4,[],,72.0,1814
161,L. V. Beethoven,piece-info.cgi?id=939,176.3265306122449,../data/output/33bc092456649d49c7694da1662afdfa4306701a.xml,Classical,False,f minor,Prelude Op. WoO 55,4/4,[],,98.0,1787
162,L. V. Beethoven,piece-info.cgi?id=931,131.25,../data/output/ce0dc6d3c252d2ff1b21cd31ae67ea39b850264e.xml,Classical,False,a minor,Für Elise,4/4,[],,72.0,1810
163,J. A. Benda,piece-info.cgi?id=45,120.0,../data/output/68458f1e47157e40ffe1445bf480169a349bb4eb.xml,Classical,False,G major,3. Satz aus der Sonate in G-Dur,4/4,[],,60.0,18th Century
164,L. V. Beethoven,piece-info.cgi?id=904,196.07142857142856,../data/output/220059c1e63a1d971dfc46f46aa5974564b33956.xml,Classical,False,E- major,Menuett Op. WoO 82,4/4,[],,112.0,1785
165,L. V. Beethoven,piece-info.cgi?id=1024,377.7272727272727,../data/output/2efc28f7c08aa2778bf3cc0fb546d17143475be6.xml,Classical,False,C major,Seven Variations - Opus WoO 78,4/4,[],,88.0,1803
166,G. Bizet,piece-info.cgi?id=649,180.0,../data/output/ac3d6fcffc2376c3512ae866271c83f5018d4692.xml,Romantic,False,G major,Entr'acte,4/4,[],,60.0,1874
167,L. V. Beethoven,piece-info.cgi?id=498,391.6666666666667,../data/output/71ec21d3d3bf5f79823299d39f634a413ad4b30a.xml,Classical,False,G major,Rondo A Capriccio,4/4,[],,144.0,1795
168,L. V. Beethoven,piece-info.cgi?id=1022,420.003125,../data/output/c8b9a40cbe7ce7970b9f40bfb896baab4d89c860.xml,Classical,True,c minor,Sonata No. 32 (1st Movement),4/4,[],,120.0,1822
169,G. Bizet,piece-info.cgi?id=635,166.0344827586207,../data/output/a21db94dfaffbddb43155fd6c1a461b7c47bb16a.xml,Romantic,False,a minor,Carmen - Prelude,4/4,[],,116.0,1874
170,J. Blumenthal,piece-info.cgi?id=611,231.0,../data/output/08dad8a09da060975c70375bd590e26ca1ec1ac6.xml,Song,False,G major,Les Deux Anges,4/4,[],,60.0, 
171,J. Brahms,piece-info.cgi?id=794,68.27586206896552,../data/output/b226a40d2c62659688de6c4abec86e2790d57d14.xml,Romantic,False,A- major,Waltz,4/4,[],,116.0,19th C
172,J. Brahms,piece-info.cgi?id=535,279.0,../data/output/02cb61c6026c7114d828dbca69794c46e8baf6cb.xml,Romantic,False,A major,2. Intermezzo,4/4,[],,80.0,19th C.
173,C. J. Brown,piece-info.cgi?id=1450,131.66666666666669,../data/output/c4e0fac539844b5c5675b298c779ed98193018df.xml,Modern,False,b minor,Toccatina,4/4,[],,108.0,2008
174,J. F. F. Burgmüller,piece-info.cgi?id=202,36.31578947368421,../data/output/604e9f1edf9d2866cc0f70eb69537f103cc1e77a.xml,Romantic,False,C major,La Candeur,4/4,[],,152.0,19th Century
175,J. F. F. Burgmüller,piece-info.cgi?id=218,52.199999999999996,../data/output/d6086152b84f268a286657a1c144e495fd49d6fd.xml,Romantic,False,G major,La Pastorale,4/4,[],,100.0,19th Century
176,J. F. F. Burgmüller,piece-info.cgi?id=214,27.32142857142857,../data/output/11ecca33f123950c02e53b0216980bbc1808a300.xml,Romantic,False,F major,Innocence,4/4,[],,112.0,19th Century
177,J. F. F. Burgmüller,piece-info.cgi?id=203,26.05263157894737,../data/output/dd42105608447819e96dbab45156ae24fedb5fde.xml,Romantic,False,a minor,l'Arabesque,4/4,[],,152.0,19th Century
178,J. F. F. Burgmüller,piece-info.cgi?id=216,21.818181818181817,../data/output/e149973d57a5ae2c6135616488f3b70ca04f9dc2.xml,Romantic,False,G major,Le Courant Limpide,4/4,[],,176.0,19th Century
179,J. F. F. Burgmüller,piece-info.cgi?id=219,47.36842105263158,../data/output/bf6929c748ba50c1661943b6d70188054d17b3fe.xml,Romantic,False,C major,La Petite Réunion,4/4,[],,152.0,19th Century
180,J. F. F. Burgmüller,piece-info.cgi?id=217,28.799999999999997,../data/output/abe8ed083149bd66d14301792078cb9dd18c3545.xml,Romantic,False,C major,La Gracieuse,4/4,[],,100.0,19th Century
181,J. F. F. Burgmüller,piece-info.cgi?id=215,29.09090909090909,../data/output/9a3eac96efef67fbae416b227526b2d1eff4c137.xml,Romantic,False,C major,Progrès,4/4,[],,132.0,19th Century
182,J. F. F. Burgmüller,piece-info.cgi?id=220,51.3,../data/output/f0f0a0c6a141a13e532b568a10f74c34606753c5.xml,Romantic,False,C major,La Chasse,4/4,[],,200.0,19th Century
183,J. F. F. Burgmüller,piece-info.cgi?id=221,37.89473684210526,../data/output/a16323c09cefd21d2186022f7dea989d3d52e79f.xml,Romantic,False,D major,Tendre Fleur,4/4,[],,152.0,19th Century
184,J. F. F. Burgmüller,piece-info.cgi?id=222,22.78481012658228,../data/output/59b6aa5042727ef33b2043c02c796fd57b9fd173.xml,Romantic,False,C major,La Bergeronnette,4/4,[],,158.0,19th Century
185,J. F. F. Burgmüller,piece-info.cgi?id=224,42.631578947368425,../data/output/a6e1b03c87a3fd149f106d0e44a1ef960e46a7d5.xml,Romantic,False,C major,Consolation,4/4,[],,152.0,19th Century
186,J. F. F. Burgmüller,piece-info.cgi?id=225,57.0,../data/output/f5b15476844e2cdcb44c36a57f589313a6b8a1dc.xml,Romantic,False,G major,La Styrienne,4/4,[],,120.0,19th Century
187,J. F. F. Burgmüller,piece-info.cgi?id=223,53.47826086956522,../data/output/5e5f335f541b731bd1d9ab2ac1bcac735b276346.xml,Romantic,False,a minor,L'Adieu,4/4,[],,184.0,19th Century
188,J. F. F. Burgmüller,piece-info.cgi?id=227,83.07692307692307,../data/output/89ea01852ddc2f2f1ec81900fa7e8f259af46a1c.xml,Romantic,False,c minor,Ballade,4/4,[],,104.0,19th Century
189,J. F. F. Burgmüller,piece-info.cgi?id=228,34.285714285714285,../data/output/5ff482cd5412fe9db59e89b841d2d903e4d78ac2.xml,Romantic,False,g minor,Douce Plainte,4/4,[],,126.0,19th Century
190,J. F. F. Burgmüller,piece-info.cgi?id=229,29.166666666666668,../data/output/3eff061cb46226bf4ac5285ceef82309e6678b15.xml,Romantic,False,F major,La Babillarde,4/4,[],,108.0,19th Century
191,J. F. F. Burgmüller,piece-info.cgi?id=230,26.956521739130434,../data/output/18edecb78cdd3bce1df90de9eb71cf0120a286fd.xml,Romantic,False,e minor,Inquiétude,4/4,[],,138.0,19th Century
192,F. F. Chopin,piece-info.cgi?id=1895,160.79999999999998,../data/output/86e6a71dc359323d59161fb07bc41d4caf76b7d1.xml,Classical,False,f minor,"Trois Nouvelles Etudes, No. 1 F Minor",4/4,[],,100.0, 
193,J. F. F. Burgmüller,piece-info.cgi?id=972,986.0,../data/output/44d215644743ef52b79377ca06df3d3a473a0915.xml,Romantic,False,A major,EL PERDÓN DE PLOËRMEL,4/4,[],,60.0, 
194,F. F. Chopin,piece-info.cgi?id=1687,222.0,../data/output/bca642cd0ec1a23b34da49eb7c6ee52bbb143846.xml,Romantic,False,f# minor,"Mazurka: Op.6, No.1",4/4,[],,60.0,1830
195,F. F. Chopin,piece-info.cgi?id=1590,207.27272727272725,../data/output/dcd84e741d201b83df1c08a99905061172f929ed.xml,Romantic,False,E- major,Nocturne,4/4,[],,66.0,1833
196,F. F. Chopin,piece-info.cgi?id=484,83.75,../data/output/04a5efc8c37284e44d8b9877e07db93e131c2f92.xml,Romantic,False,f minor,Etüde f-moll,4/4,[],,144.0,1829-1832
197,F. F. Chopin,piece-info.cgi?id=508,81.66666666666667,../data/output/afc2ce83a1bd7b56833907f3dcd2a95f39913816.xml,Romantic,False,a minor,Etüde a-moll,4/4,[],,144.0,1828-1831
198,F. F. Chopin,piece-info.cgi?id=1955,327.2727272727273,../data/output/967913998442fbc812a9981a178abbce3c8ad7a8.xml,Romantic,False,B major,Nocturne No. 3,4/4,[],,99.0,1832
199,F. F. Chopin,piece-info.cgi?id=582,266.89655172413796,../data/output/6ae5aa2b45cbc6e3257f5f3a525d140b15c17f12.xml,Romantic,False,C# major,Nocturne No. 1 in B-flat minor,4/4,[],,116.0,1827
200,F. F. Chopin,piece-info.cgi?id=926,129.64213266169503,../data/output/c013ddc7d674f67e2ee9ca95ac08230e836c7b0d.xml,Romantic,False,F# major,Etüde Ges-Dur,4/4,[],,116.0,1828-1831
201,F. F. Chopin,piece-info.cgi?id=914,107.72727272727272,../data/output/ce0a9aeeadf7057b64bf8ef46746fd48f0b1f938.xml,Romantic,False,C major,Etüde C-Dur,4/4,[],,176.0,1828-1831
202,F. F. Chopin,piece-info.cgi?id=743,126.0,../data/output/de0df4ba461736e52b20884da4f6a108fe957eb5.xml,Romantic,False,c minor,Etüde c-moll,4/4,[],,160.0,1828-1831
203,F. F. Chopin,piece-info.cgi?id=1959,698.3616171629058,../data/output/8643537837cd6f06e405dfd3deef8898f30b7a15.xml,Romantic,False,g minor,Première Ballade,4/4,[],,65.0,1836
204,F. F. Chopin,piece-info.cgi?id=757,82.81817341362304,../data/output/3d684ca1090dd5755ad2c2881f49c66fde066bae.xml,Romantic,False,f minor,Etüde f-moll,4/4,[],,224.0,1832-1837
205,F. F. Chopin,piece-info.cgi?id=411,34.0,../data/output/8cffb3bfc7cd044ba7a727e1b603fdddebee8d1e.xml,Romantic,False,C major,"Prelude: Op. 28, No. 1",4/4,[],,60.0,c. 1837
206,F. F. Chopin,piece-info.cgi?id=494,76.66666666666667,../data/output/48ca05b690bd00add77e9353b961b49e7bdc28c7.xml,Romantic,False,a minor,"Prelude: Op. 28, No. 2",4/4,[],,72.0,c. 1837
207,F. F. Chopin,piece-info.cgi?id=468,86.66666666666667,../data/output/00110623ee27b73dd837a3f39ac1826d9a40be0f.xml,Romantic,False,e minor,"Prelude: Op. 28, No. 4",4/4,[],,72.0,1838/39
208,F. F. Chopin,piece-info.cgi?id=921,133.36934009246372,../data/output/29f3ae36ebce563eaf147eeb82304b84065ea031.xml,Romantic,False,e minor,"Prelude: Op. 28, No. 4 (from Peters source)",4/4,[],,48.0,1831-1839
209,F. F. Chopin,piece-info.cgi?id=469,104.0,../data/output/d66bf4a50318b1c1382111b6d7bca52edd54b742.xml,Romantic,False,b minor,"Prelude: Op. 28, No. 6",4/4,[],,45.0,1838/39
210,F. F. Chopin,piece-info.cgi?id=489,115.38461538461537,../data/output/e6f0ee5325b88eab8a4ca6e050bd5f9da44e0770.xml,Romantic,False,A- major,Etüde As-Dur,4/4,[],,104.0,1828-1831
211,F. F. Chopin,piece-info.cgi?id=486,266.5384615384615,../data/output/c0a61c5d8b962249f6bfce9385054017c9ec1e54.xml,Romantic,False,C# major,Nocturne 8 in Db Major,4/4,[],,52.0,1835
212,F. F. Chopin,piece-info.cgi?id=471,267.0,../data/output/aa9835c2e62ba1d507d24a5d6215cea743b87b9b.xml,Romantic,False,C# major,"Prelude: Op. 28, No. 15",4/4,[],,80.0,1838/39
213,F. F. Chopin,piece-info.cgi?id=470,24.0,../data/output/616875d2648319ba8cf1aec25fc4f0e6224d3c2a.xml,Romantic,False,A major,"Prelude: Op. 28, No. 7",4/4,[],,120.0,1838/39
214,F. F. Chopin,piece-info.cgi?id=472,74.28571428571429,../data/output/e84156180b4d536e385a0e067dcbcc7bcd4f0892.xml,Romantic,False,c minor,"Prelude: Op. 28, No. 20",4/4,[],,42.0,1838/39
215,F. F. Chopin,piece-info.cgi?id=1682,147.0,../data/output/5a1b256da8d400c7013acfa245759a4bcfe86aa6.xml,Romantic,False,c# minor,"Mazurka: Op.33, No.1",4/4,[],,60.0,1837-1838
216,F. F. Chopin,piece-info.cgi?id=1776,198.0,../data/output/0ae854a228407a2831290716cde16241ec187b48.xml,Romantic,False,c# minor,Prelude,4/4,[],,120.0, 
217,F. F. Chopin,piece-info.cgi?id=483,90.0,../data/output/b3220792a1744a183beb826f1c9474c74bc541d0.xml,Romantic,False,C# major,"Valse Op. 64, No. 1 ('Minute Waltz')",4/4,[],,280.0,1847
218,F. F. Chopin,piece-info.cgi?id=1727,82.5,../data/output/1e197e0dbb6667575651e530038fe99a7b89eb35.xml,Romantic,False,b- minor,Sonate 2 b-moll,4/4,[],,224.0,1837-1839
219,F. F. Chopin,piece-info.cgi?id=511,171.71052631578948,../data/output/7b8660a465092084129bd03c921a61d8a3d644b7.xml,Romantic,False,b minor,Walzer h-moll,4/4,[],,152.0,1829-1835
220,F. F. Chopin,piece-info.cgi?id=509,195.42857142857142,../data/output/c08f41a0e65cb8e4f211c724615c94f30c8e6007.xml,Romantic,False,e minor,Nocturne No. 19 in E minor,4/4,[],,70.0,1827
221,F. F. Chopin,piece-info.cgi?id=1693,253.52380952380952,../data/output/9396b9f5a3feb6c73396401662c0759d4ea02273.xml,Classical,False,C# major,Fantaisie-Impromptu,4/4,[],,168.0, 
222,F. F. Chopin,piece-info.cgi?id=422,717.0,../data/output/c867874df206bd901e47b82125cff892fd223d26.xml,Romantic,False,f minor,Ballade number 4,4/4,[],,60.0,1842
223,M. Clementi,piece-info.cgi?id=804,,../data/output/503795eb8c54d7ce101e3c4bd95a3550fce525b2.xml,Classical,True,,Sonatina,,,,,19th C.
224,C. Czerny,piece-info.cgi?id=2060,17.454545454545453,../data/output/595e5612128cce5981c193cc52218f06203bcc68.xml,Technique,False,C major,"160 Eight-Measure Exercises, No. 1",4/4,[],,110.0, 
225,O. Comeau,piece-info.cgi?id=853,24.0,../data/output/1e38cfbbb1c859f853fc2a1f463a09b51eb316fc.xml,Folk,False,B- major,Ellen's Song,4/4,[],,60.0,1950s
226,C. Czerny,piece-info.cgi?id=2061,13.09090909090909,../data/output/a8bd446a3851cbfea83fd46392b0d02eb6775848.xml,Technique,False,C major,"160 Eight-Measure Exercises, No. 2",4/4,[],,110.0, 
227,C. Czerny,piece-info.cgi?id=2062,17.454545454545453,../data/output/133ebdb663604561e82ba0be0c3780d175b1055e.xml,Technique,False,C major,"160 Eight-Measure Exercises, No. 3",4/4,[],,110.0, 
228,C. Czerny,piece-info.cgi?id=2063,13.09090909090909,../data/output/5eae7c1920982847a728bcae25c4b748e3c5f0b2.xml,Technique,False,C major,"160 Eight-Measure Exercises, No. 4",4/4,[],,110.0, 
229,C. Czerny,piece-info.cgi?id=2066,24.0,../data/output/57e48fb99a982ba0b2670bbf66ca6f0c7a59747f.xml,Technique,False,F major,"160 Eight-Measure Exercises, No. 5",4/4,[],,60.0, 
230,C. Czerny,piece-info.cgi?id=2067,24.0,../data/output/d7f78e818fa1d8ef46e3b9e2abb743130eabca26.xml,Technique,False,F major,"160 Eight-Measure Exercises, No. 6",4/4,[],,60.0, 
231,C. Czerny,piece-info.cgi?id=2068,32.0,../data/output/fddae9b20ee8737b1cf6d20178b523525778cec1.xml,Technique,False,F major,"160 Eight-Measure Exercises, No. 7",4/4,[],,60.0, 
232,C. Czerny,piece-info.cgi?id=2069,17.454545454545453,../data/output/ffefa90bed38f7a515863f84a5cb8d073ffdc240.xml,Technique,False,F major,"160 Eight-Measure Exercises, No. 8",4/4,[],,110.0, 
233,C. Czerny,piece-info.cgi?id=2072,24.0,../data/output/29252b9fa913ce65328cbfb5c3f20d43fbc2da2d.xml,Technique,False,F major,"160 Eight-Measure Exercises, No. 9",4/4,[],,60.0, 
234,C. Czerny,piece-info.cgi?id=2073,8.727272727272727,../data/output/d1f4af2e8a68ace3e87febfda9d9eb9ed7ba4145.xml,Technique,False,F major,"160 Eight-Measure Exercises, No. 10",4/4,[],,110.0, 
235,C. Czerny,piece-info.cgi?id=2076,32.0,../data/output/d4188da506a54ed9fe5121453888012c8ea96c30.xml,Technique,False,B- major,"160 Eight-Measure Exercises, No. 11",4/4,[],,60.0, 
236,C. Czerny,piece-info.cgi?id=2077,32.0,../data/output/b511d02ab59c4765401fd5a2036a4d303a3bb243.xml,Technique,False,B- major,"160 Eight-Measure Exercises, No. 12",4/4,[],,60.0, 
237,C. Czerny,piece-info.cgi?id=2079,13.09090909090909,../data/output/aaed4749f6f6e1a70674575ccff355d4eefbce0d.xml,Technique,False,B- major,"160 Eight-Measure Exercises, No. 14",4/4,[],,110.0, 
238,C. Czerny,piece-info.cgi?id=2078,18.0,../data/output/5a53c629a28e00fbc87215a18114a21bf75e70aa.xml,Technique,False,B- major,"160 Eight-Measure Exercises, No. 13",4/4,[],,120.0, 
239,C. Czerny,piece-info.cgi?id=2082,16.0,../data/output/38d8b0fcd6a8b8dedcba34ddef5ba1821938d2ed.xml,Technique,False,G major,"160 Eight-Measure Exercises, No. 16",4/4,[],,60.0, 
240,C. Czerny,piece-info.cgi?id=2081,8.727272727272727,../data/output/cb47d53cebc661006fcf1d70f9698493059c2d80.xml,Technique,False,G major,"160 Eight-Measure Exercises, No. 15",4/4,[],,110.0, 
241,C. Czerny,piece-info.cgi?id=2085,13.09090909090909,../data/output/035756122dcffef5084a1276a96aad8276d928f7.xml,Technique,False,D major,"160 Eight-Measure Exercises, No. 19",4/4,[],,110.0, 
242,C. Czerny,piece-info.cgi?id=2083,32.0,../data/output/efd9600755aae33db1052f3898e95b0bd152a223.xml,Technique,False,G major,"160 Eight-Measure Exercises, No. 17",4/4,[],,60.0, 
243,C. Czerny,piece-info.cgi?id=2084,18.0,../data/output/6e838ecb9a2b47ecfdf4f48d36ba9142e35f10f5.xml,Technique,False,G major,"160 Eight-Measure Exercises, No. 18",4/4,[],,40.0, 
244,C. Debussy,piece-info.cgi?id=1778,324.0,../data/output/6abb4369d0eb999d1f9074c2dda04139a41bf3c4.xml,Modern,False,C# major,Suite Bergamasque: Clair de Lune,4/4,[],,60.0, 
245,C. Debussy,piece-info.cgi?id=1777,177.5,../data/output/6cd208935993d9ca48a187205d3b82b608b4ac1f.xml,Modern,False,A major,Première Arabesque,4/4,[],,144.0, 
246,C. Debussy,piece-info.cgi?id=1956,145.5,../data/output/94a433de8a6e9755b5c8d4245db578d799209d64.xml,Romantic,False,B- major,Prélude 1: Danseuses de Delphes,4/4,[],,40.0,1910
247,C. Debussy,piece-info.cgi?id=1997,174.54545454545453,../data/output/2bc225e9ccabd1f3335782e29d0f3bc8bf15a74f.xml,Romantic,False,A- major,Prélude 2: Voiles,4/4,[],,44.0,1910
248,C. Debussy,piece-info.cgi?id=1994,220.0,../data/output/2f2d00b57e8a352d019feb05467d3860aa39d9d0.xml,Modern,False,G major,Deuxième Arabesque,4/4,[],,120.0, 
249,C. Debussy,piece-info.cgi?id=1995,112.38095238095238,../data/output/724d0da126488b92bb11c00278ec8f451771bb8a.xml,Romantic,True,F# major,Prélude 3: Le vent dans la plaine,4/4,[],,120.0,1910
250,C. Debussy,piece-info.cgi?id=2002,130.71428571428572,../data/output/90bb6faa3f24680466ce2d847382c6d5f1551ca6.xml,Romantic,False,A major,Prélude 4: Les sons et les parfums tournent dans l'air du soir,4/4,[],,84.0,1910
251,A. Diabelli,piece-info.cgi?id=389,104.72727272727272,../data/output/203b62a9331a8bdf3507e509ec3a772e544599cb.xml,Classical,False,C major,28 melodische Übungsstücke (No. 1),4/4,[],,110.0, 
252,A. Diabelli,piece-info.cgi?id=402,96.0,../data/output/61c8c1f926bbf27c3a72172f64c92aeb5901ad37.xml,Classical,False,C major,28 melodische Übungsstücke (No. 2),4/4,[],,120.0, 
253,A. Diabelli,piece-info.cgi?id=403,88.0,../data/output/e3becd253b59fd781e03dab6eaf2f1611c51c947.xml,Classical,False,C major,28 melodische Übungsstücke (No. 3),4/4,[],,120.0, 
254,A. Diabelli,piece-info.cgi?id=405,66.0,../data/output/cd8e86ea04939b68796a152b4bdc33e91bd90905.xml,Classical,False,C major,28 melodische Übungsstücke (No. 5),4/4,[],,120.0, 
255,A. Diabelli,piece-info.cgi?id=404,80.0,../data/output/643616b89a3b58fef853c8f96c63088d584cb8b5.xml,Classical,False,C major,28 melodische Übungsstücke (No. 4),4/4,[],,120.0, 
256,A. Diabelli,piece-info.cgi?id=408,,../data/output/2e4ab9172004534a87aa6a92f2de669cac5ac714.xml,Classical,True,,28 melodische Übungsstücke (No. 6),,,,, 
257,A. Diabelli,piece-info.cgi?id=409,,../data/output/910119ce3e67c259449407dae4c2d821d838700e.xml,Classical,True,,28 melodische Übungsstücke (No. 7),,,,, 
258,A. Diabelli,piece-info.cgi?id=410,90.0,../data/output/e6aef37f2d3d0b57268615dcd6c448daeca19cc8.xml,Classical,False,G major,28 melodische Übungsstücke (No. 8),4/4,[],,120.0, 
259,A. Diabelli,piece-info.cgi?id=416,176.0,../data/output/898c7756eae672292ca91d0dcb458ad90ef2d15d.xml,Classical,False,G major,28 melodische Übungsstücke (No. 10),4/4,[],,120.0, 
260,A. Diabelli,piece-info.cgi?id=415,66.0,../data/output/a326177247642fc88fe67462386c2a32531aaf5a.xml,Classical,False,G major,28 melodische Übungsstücke (No. 9),4/4,[],,120.0, 
261,A. Diabelli,piece-info.cgi?id=417,54.0,../data/output/8bf15cab03f97eca936b712793982dea2368caed.xml,Classical,False,g minor,28 melodische Übungsstücke (No. 11),4/4,[],,120.0, 
262,A. Diabelli,piece-info.cgi?id=418,54.0,../data/output/1d6457e5a55cd314368a6217df93c35828b9608a.xml,Classical,False,F major,28 melodische Übungsstücke (No. 12),4/4,[],,120.0, 
263,A. Diabelli,piece-info.cgi?id=419,60.0,../data/output/a17cd1a3593b5db8ba4911ecfa49485b43836162.xml,Classical,False,F major,28 melodische Übungsstücke (No. 13),4/4,[],,120.0, 
264,A. Diabelli,piece-info.cgi?id=462,,../data/output/2bbacd6e8452a1911ed3bfabecab62f259c149ae.xml,Classical,True,,28 melodische Übungsstücke (No. 14),,,,, 
265,A. Diabelli,piece-info.cgi?id=464,164.57142857142856,../data/output/7d37b36917640e87971404ce5631f4facada90d1.xml,Classical,False,D major,28 melodische Übungsstücke (No. 15),4/4,[],,70.0, 
266,A. Diabelli,piece-info.cgi?id=520,,../data/output/5e97827c38307e76661aff1581b4aec532bec932.xml,Classical,True,,28 melodische Übungsstücke (No. 16),,,,, 
267,A. Diabelli,piece-info.cgi?id=530,102.85714285714285,../data/output/954bdd59d9c6ccdb9a4676f8f2de1c76f0dcbf23.xml,Classical,False,D major,28 melodische Übungsstücke (No. 17),4/4,[],,70.0, 
268,A. Diabelli,piece-info.cgi?id=531,123.42857142857142,../data/output/ded673caf92409fc63dc503dfbd521486c223533.xml,Classical,False,d minor,28 melodische Übungsstücke (No. 18),4/4,[],,70.0, 
269,A. Diabelli,piece-info.cgi?id=533,68.57142857142857,../data/output/e5c0ed982f49a72b5f8bfd13c8e546e0988200fc.xml,Classical,False,d minor,28 melodische Übungsstücke (No. 19),4/4,[],,70.0, 
270,A. Diabelli,piece-info.cgi?id=541,54.857142857142854,../data/output/3eb93c13efe746b28afcbd9c074c873736210b4f.xml,Classical,False,d minor,28 melodische Übungsstücke (No. 20),4/4,[],,70.0, 
271,A. Diabelli,piece-info.cgi?id=554,123.42857142857142,../data/output/334bd42afdb967cb5720886562c1e2726f850868.xml,Classical,False,A major,28 melodische Übungsstücke (No. 21),4/4,[],,70.0, 
272,A. Diabelli,piece-info.cgi?id=555,60.0,../data/output/7b8618297c4da7a4f35f9cf4e6be9802dd7dd980.xml,Classical,False,A major,28 melodische Übungsstücke (No. 22),4/4,[],,80.0, 
273,A. Diabelli,piece-info.cgi?id=556,108.0,../data/output/224e10746d80b230f431bdd699ab9456129247a3.xml,Classical,False,A major,28 melodische Übungsstücke (No. 23),4/4,[],,80.0, 
274,A. Diabelli,piece-info.cgi?id=557,102.0,../data/output/73433a9deb15aae2fa4ceddfa0ee927c74e83589.xml,Classical,False,a minor,28 melodische Übungsstücke (No. 24),4/4,[],,80.0, 
275,A. Diabelli,piece-info.cgi?id=559,96.0,../data/output/f93cf2e6e0530d3f7d56bc8045e0e67827c6e2c5.xml,Classical,False,a minor,28 melodische Übungsstücke (No. 26),4/4,[],,80.0, 
276,A. Diabelli,piece-info.cgi?id=558,96.0,../data/output/3aede98f5ed3f80287fda82d9cfefd4df3b8e2f4.xml,Classical,False,a minor,28 melodische Übungsstücke (No. 25),4/4,[],,80.0, 
277,A. Diabelli,piece-info.cgi?id=560,109.71428571428571,../data/output/5940771bdde1919d6474619432bf5bd6e76ce44f.xml,Classical,False,E major,28 melodische Übungsstücke (No. 27),4/4,[],,70.0, 
278,A. Diabelli,piece-info.cgi?id=564,85.33333333333333,../data/output/07f4b2afebc5be9dcc4f21c64f8cf1c9fec004b7.xml,Classical,False,e minor,28 melodische Übungsstücke (No. 28),4/4,[],,90.0, 
279,A. Diabelli,piece-info.cgi?id=1564,76.8,../data/output/f592b016ecd3e93f7faa1e88bb2bc38344bce58d.xml,Classical,False,c minor,Jugendfreuden - Sechs Sonatinen,4/4,[],,100.0, 
280,A. Diabelli,piece-info.cgi?id=1565,165.6,../data/output/15c2eca30a0b6735bb1eae866b95fd48442acc3d.xml,Classical,False,C major,Jugendfreuden - Sechs Sonatinen,4/4,[],,100.0, 
281,A. Diabelli,piece-info.cgi?id=1568,57.599999999999994,../data/output/c13984b8c1d1b3ff50299469e1e39d5b73a2d7dd.xml,Classical,False,G major,Jugendfreuden - Sechs Sonatinen,4/4,[],,100.0, 
282,A. Diabelli,piece-info.cgi?id=1567,113.0,../data/output/dbf86d365d1d901af4348576a7bc93f6f89ed299.xml,Classical,False,C major,Jugendfreuden - Sechs Sonatinen,4/4,[],,120.0, 
283,A. Diabelli,piece-info.cgi?id=1566,76.8,../data/output/42f2a780236fb0249de76e114aca59e0bba498cb.xml,Classical,False,a minor,Jugendfreuden - Sechs Sonatinen,4/4,[],,100.0, 
284,A. Diabelli,piece-info.cgi?id=1570,72.0,../data/output/80a2783341992cd3fef0e44d3f879eb698b112dc.xml,Classical,False,C major,Jugendfreuden - Sechs Sonatinen,4/4,[],,100.0, 
285,A. Diabelli,piece-info.cgi?id=1569,129.6,../data/output/804e146e63d4278ce265836523af25210b46af47.xml,Classical,False,G major,Jugendfreuden - Sechs Sonatinen,4/4,[],,100.0, 
286,S. C. Doonan,piece-info.cgi?id=573,129.33333333333331,../data/output/4f6422d81a2ecbaef6f44ec158f85fe63c1905db.xml,Jazz,False,A major,Abstract 1,4/4,[],,135.0,July 2005
287,A. Diabelli,piece-info.cgi?id=1571,148.79999999999998,../data/output/c4314c2e8b5431b71ebf7d66a9caadc4637ced5a.xml,Classical,False,G major,Jugendfreuden - Sechs Sonatinen,4/4,[],,100.0, 
288,S. C. Doonan,piece-info.cgi?id=536,152.4,../data/output/de2bd8173d4e4ca1d5fa38a679f76bdf3ae6b39a.xml,Jazz,False,E- major,Enchanted Island,4/4,[],,150.0,1976
289,S. C. Doonan,piece-info.cgi?id=835,141.0,../data/output/21251a5e12be6c4560ad51f8a7ca6133d7dbfaa3.xml,Jazz,False,d minor,Arabesque 1,4/4,[],,160.0,2006/Feb
290,J. L. Dussek,piece-info.cgi?id=1605,,../data/output/1b6925452c437316086039dc867877a96e450916.xml,Classical,True,,Six sonates faciles pour le Piano Forte (I),,,,, 
291,J. L. Dussek,piece-info.cgi?id=1607,,../data/output/e58ebacfeba3487464a3fa72cb17f980e863d771.xml,Classical,True,,Six sonates faciles pour le Piano Forte (II),,,,, 
292,J. L. Dussek,piece-info.cgi?id=1608,,../data/output/d6de464f2cbd92ad7985d0326ca3c4b8ae3e4769.xml,Classical,True,,Six sonates faciles pour le Piano Forte (III),,,,, 
293,J. L. Dussek,piece-info.cgi?id=1609,,../data/output/c9b99477d41da48bc0f5f6718a9cc571188d48d9.xml,Classical,True,,Six sonates faciles pour le Piano Forte (IV),,,,, 
294,J. L. Dussek,piece-info.cgi?id=1611,,../data/output/daca741d301d534e9e32ee635dc8c6cfb0a237e6.xml,Classical,True,,Six sonates faciles pour le Piano Forte (VI),,,,, 
295,J. L. Dussek,piece-info.cgi?id=1610,,../data/output/cde64bcb70210af494ec619febb1d9f18705d592.xml,Classical,True,,Six sonates faciles pour le Piano Forte (V),,,,, 
296,J. K. F. Fischer,piece-info.cgi?id=129,97.77777777777779,../data/output/bd09bdac9fb2025d56fb40c79fc5f4422f7eaaf3.xml,Baroque,False,e minor,Erato Allemande,4/4,[],,54.0, 
297,J. K. F. Fischer,piece-info.cgi?id=128,60.0,../data/output/4e2164fb1d47e720808fc9b93baff15025ebe6a4.xml,Baroque,False,e minor,Erato Praeludium,4/4,[],,60.0, 
298,L. Streabbog (J. L. Gobbaerts),piece-info.cgi?id=2092,97.2,../data/output/5744c728bc858be00141ff788c60c54491db975b.xml,Romantic,False,C major,"Les étoiles d'or, No. 1 Valse",4/4,[],,150.0, 
299,L. M. Gottschalk,piece-info.cgi?id=942,258.0,../data/output/4077d0c53907c0635bd80321eff937f34496485f.xml,Romantic,True,g minor,The Dying Swan,4/4,[],,60.0, 
